prompt_id,condition,alpha,n_tokens,dim,mean_token_cosine,perturbation_norm,relative_perturbation_norm,pairwise_distance_distortion,anisotropy_original,anisotropy_transformed,anisotropy_delta,variance_ratio,linear_cka,neighbor_preservation_k3,neighbor_preservation_k5,neighbor_preservation_k10
p000,chaos,0.01,11,64,0.9629235195615838,7.63682449227838,0.27882654434421034,0.007178185471082073,0.002999324720496639,0.06973890643749485,0.0667395817169982,1.0041374356255615,0.9991836008149411,0.9393939393939393,0.9454545454545454,1.0
p000,gaussian,0.01,11,64,0.963215228634386,7.63682449227838,0.27882654434421034,0.05255810116506414,0.002999324720496639,0.0038286577991726353,0.0008293330786759961,1.1061007788616104,0.993271834614911,0.6363636363636365,0.8727272727272729,1.0
p000,shuffled_chaos,0.01,11,64,0.9627261809685671,7.63682449227838,0.27882654434421034,0.008448816979391417,0.002999324720496639,0.07104883190127184,0.06804950718077521,1.0006665245721071,0.9991050874837827,0.9393939393939393,0.9272727272727274,1.0
p000,uniform,0.01,11,64,0.9644117462481586,7.63682449227838,0.27882654434421034,0.05136752604140248,0.002999324720496639,0.01730774341926937,0.01430841869877273,1.1089232245069767,0.9897945285737961,0.6969696969696969,0.8545454545454546,1.0
p000,chaos,0.05,11,64,0.5809166312436551,38.1841224613919,1.3941327217210517,0.06812161390320368,0.002999324720496639,0.6161498646378117,0.613150539917315,1.1248267476381246,0.9794067824650337,0.6666666666666666,0.7818181818181817,1.0
p000,gaussian,0.05,11,64,0.5757037112227906,38.1841224613919,1.3941327217210517,0.7391815273047637,0.002999324720496639,-0.017922335470471902,-0.02092166019096854,2.9237834068573565,0.9284774267638017,0.606060606060606,0.709090909090909,1.0
p000,shuffled_chaos,0.05,11,64,0.5811409939846301,38.1841224613919,1.3941327217210517,0.06853957219674577,0.002999324720496639,0.6144862757477924,0.6114869510272957,1.1355872403517648,0.9884543050303931,0.7575757575757577,0.890909090909091,1.0
p000,uniform,0.05,11,64,0.5609997018392631,38.1841224613919,1.3941327217210517,0.6992377480097527,0.002999324720496639,0.0007825357108669958,-0.0022167890096296433,2.859560660225645,0.9226788105259869,0.5454545454545454,0.6727272727272727,1.0
p000,chaos,0.1,11,64,0.3354530393170809,76.3682449227838,2.7882654434421035,0.2357185228473927,0.002999324720496639,0.8273032604429968,0.8243039357225002,1.5100024190520425,0.934521163954511,0.4848484848484848,0.5818181818181818,1.0
p000,gaussian,0.1,11,64,0.40167981920365425,76.3682449227838,2.7882654434421035,2.048556900158091,0.002999324720496639,0.007468410158822832,0.004469085438326192,9.205677238348938,0.8802279283937053,0.4242424242424242,0.45454545454545453,1.0
p000,shuffled_chaos,0.1,11,64,0.34197190692179674,76.3682449227838,2.7882654434421035,0.2681578002185727,0.002999324720496639,0.8202095697223062,0.8172102450018095,1.5711602377078606,0.9450726160320329,0.6060606060606061,0.7454545454545454,1.0
p000,uniform,0.1,11,64,0.3097779715360076,76.3682449227838,2.7882654434421035,1.9639561393786984,0.002999324720496639,-0.00493211537836745,-0.007931440098864088,8.578881031009498,0.8703776677694803,0.36363636363636365,0.5636363636363636,1.0
p001,chaos,0.01,12,64,0.9641994518630628,7.863797824972776,0.2801584869319077,0.013117358267026005,0.009597062632258962,0.08549911418798684,0.07590205155572788,1.020132385530392,0.9988368330814129,0.9444444444444443,0.9333333333333335,0.9916666666666667
p001,gaussian,0.01,12,64,0.9619590715579145,7.863797824972776,0.2801584869319077,0.033075347329582346,0.009597062632258962,0.00699724756012794,-0.0025998150721310218,1.046342115054204,0.9892612185668993,0.8333333333333334,0.9000000000000002,0.9666666666666667
p001,shuffled_chaos,0.01,12,64,0.9634790082457113,7.863797824972776,0.2801584869319077,0.010602525713167499,0.009597062632258962,0.08747354628864895,0.07787648365639,0.9971139668711771,0.998697756815828,0.9444444444444443,1.0,0.9916666666666667
p001,uniform,0.01,12,64,0.9636497951098973,7.863797824972776,0.2801584869319077,0.05517827910769687,0.009597062632258962,0.00412472114848531,-0.005472341483773653,1.0973577806423158,0.9896925539428068,0.8611111111111112,0.8333333333333334,0.975
p001,chaos,0.05,12,64,0.6090211141185389,39.31898912486388,1.4007924346595386,0.11479456501318733,0.009597062632258962,0.6065168456167884,0.5969197829845294,1.2242736497276847,0.9718760882327512,0.8055555555555555,0.75,0.9500000000000001
p001,gaussian,0.05,12,64,0.5852949228043611,39.31898912486388,1.4007924346595386,0.7266374282937564,0.009597062632258962,0.025166896929501602,0.01556983429724264,3.006193105369529,0.9094270564237646,0.3888888888888889,0.6499999999999999,0.9416666666666668
p001,shuffled_chaos,0.05,12,64,0.5914288558510301,39.31898912486388,1.4007924346595386,0.06861017517825721,0.009597062632258962,0.627370129187038,0.617773066554779,1.1317513404202841,0.9791854113314641,0.6666666666666666,0.8833333333333334,0.9500000000000001
p001,uniform,0.05,12,64,0.5951348102636131,39.31898912486388,1.4007924346595386,0.7597621742709743,0.009597062632258962,0.0009069414229745842,-0.008690121209284378,3.0539634350432503,0.8894355010774728,0.3888888888888889,0.5333333333333332,0.9333333333333335
p001,chaos,0.1,12,64,0.38026785543218183,78.63797824972777,2.8015848693190772,0.34000103023349465,0.009597062632258962,0.807455007907086,0.797857945274827,1.7575766046446795,0.9173038122351659,0.47222222222222227,0.5666666666666665,0.9166666666666669
p001,gaussian,0.1,12,64,0.3655589163044693,78.63797824972777,2.8015848693190772,2.018325885177517,0.009597062632258962,0.013152859222951825,0.0035557965906928626,9.049214003322378,0.8477177110654853,0.2777777777777778,0.5166666666666666,0.9
p001,shuffled_chaos,0.1,12,64,0.36592184735894434,78.63797824972777,2.8015848693190772,0.2927535708367867,0.009597062632258962,0.8185582124892662,0.8089611498570072,1.6618685763311005,0.9441142630566005,0.5,0.7833333333333332,0.9333333333333335
p001,uniform,0.1,12,64,0.3712382072746602,78.63797824972778,2.8015848693190777,2.0513637387343504,0.009597062632258962,0.0008522619910908295,-0.008744800641168133,9.094698146400372,0.8724505647068854,0.3333333333333333,0.46666666666666673,0.9
p002,chaos,0.01,10,64,0.9579139820163046,7.247353564288051,0.3009816058175653,0.01161821969866638,-0.010717727695453384,0.07738177838182571,0.0880995060772791,1.015449620213202,0.9990268428121195,0.9333333333333332,0.9199999999999999,1.0
p002,gaussian,0.01,10,64,0.9572703928427961,7.247353564288051,0.3009816058175653,0.05150438759049349,-0.010717727695453384,-0.0133796033395735,-0.002661875644120116,1.1014367312495417,0.9907241744526991,0.9333333333333332,0.8400000000000001,1.0
p002,shuffled_chaos,0.01,10,64,0.9577791806518985,7.24735356428805,0.3009816058175653,0.010048323733789248,-0.010717727695453384,0.07629282974614408,0.08701055744159747,1.016321755242945,0.9993116474795014,0.9666666666666666,1.0,1.0
p002,uniform,0.01,10,64,0.9563349702416799,7.247353564288052,0.30098160581756533,0.0434978165341801,-0.010717727695453384,-0.00017553323666159135,0.010542194458791792,1.0645958991551414,0.9821595956490426,0.7,0.9,1.0
p002,chaos,0.05,10,64,0.5689263517957321,36.23676782144026,1.5049080290878267,0.09344642488819387,-0.010717727695453384,0.6451044042444725,0.6558221319399259,1.2001113782183461,0.9780203003762147,0.7,0.82,1.0
p002,gaussian,0.05,10,64,0.5484869914253079,36.23676782144026,1.5049080290878267,0.8287035503491099,-0.010717727695453384,-0.03153343041659771,-0.020815702721144323,3.2294212076741506,0.9174340474893976,0.36666666666666664,0.6399999999999999,1.0
p002,shuffled_chaos,0.05,10,64,0.5632251594103239,36.23676782144025,1.5049080290878263,0.08664290427576361,-0.010717727695453384,0.6453892969594117,0.6561070246548651,1.164809144896995,0.9781492484501036,0.8,0.82,1.0
p002,uniform,0.05,10,64,0.5585006114991288,36.23676782144026,1.5049080290878267,0.826885449924312,-0.010717727695453384,-0.002036329369185583,0.0086813983262678,3.3429444086666953,0.9182388306048574,0.5666666666666667,0.72,1.0
p002,chaos,0.1,10,64,0.34042633072236184,72.47353564288052,3.0098160581756535,0.2970097581731868,-0.010717727695453384,0.8368447196128638,0.8475624473083172,1.7073809493175331,0.9343524915112469,0.6,0.6599999999999999,1.0
p002,gaussian,0.1,10,64,0.31029202492390145,72.47353564288052,3.0098160581756535,2.2223311207765017,-0.010717727695453384,-0.03641140505084291,-0.02569367735538952,9.991053855360851,0.9042591584928505,0.4666666666666666,0.6399999999999999,1.0
p002,shuffled_chaos,0.1,10,64,0.3287095448919655,72.47353564288052,3.0098160581756535,0.2867110541204385,-0.010717727695453384,0.838362040206709,0.8490797679021624,1.6088741545632204,0.938390104067505,0.6333333333333333,0.7,1.0
p002,uniform,0.1,10,64,0.33610431117680456,72.47353564288052,3.0098160581756535,2.1919882725689197,-0.010717727695453384,0.007255358697985645,0.01797308639343903,10.215025654480815,0.8759679614951068,0.36666666666666664,0.52,1.0
p003,chaos,0.01,9,64,0.9604261158158002,6.899444712118786,0.2900346280576845,0.010802172852830118,-0.00292159217150826,0.06594014344612027,0.06886173561762854,1.011745110966324,0.9991772247283938,0.9629629629629629,0.9555555555555555,1.0
p003,gaussian,0.01,9,64,0.9587372191114396,6.899444712118785,0.2900346280576845,0.03274633037339347,-0.00292159217150826,0.004293146313286088,0.007214738484794349,1.049634734858792,0.9924822714637895,0.8888888888888888,0.8888888888888888,1.0
p003,shuffled_chaos,0.01,9,64,0.9604991243026326,6.899444712118786,0.2900346280576845,0.00850400852380559,-0.00292159217150826,0.06915479132501695,0.07207638349652522,1.0074804019202033,0.9993607445546082,0.9629629629629629,0.911111111111111,1.0
p003,uniform,0.01,9,64,0.9605062563201388,6.899444712118787,0.29003462805768454,0.0506526016682264,-0.00292159217150826,-0.005696869037270637,-0.0027752768657623773,1.0926128137115425,0.9906554159980191,0.8518518518518519,0.8888888888888888,1.0
p003,chaos,0.05,9,64,0.5717410259616617,34.49722356059393,1.4501731402884226,0.09460143875042422,-0.00292159217150826,0.6153194237791137,0.618241015950622,1.180125980426832,0.981005474250327,0.7777777777777778,0.8,1.0
p003,gaussian,0.05,9,64,0.5732049773975665,34.49722356059393,1.4501731402884226,0.7761736420783714,-0.00292159217150826,0.0017175600414626705,0.0046391522129709305,3.1535715190642115,0.9293813511421988,0.4444444444444444,0.7333333333333333,1.0
p003,shuffled_chaos,0.05,9,64,0.5778289215434174,34.49722356059393,1.4501731402884226,0.11176548188997448,-0.00292159217150826,0.6120971768648711,0.6150187690363793,1.219940346640431,0.9846227733880053,0.7407407407407408,0.8222222222222223,1.0
p003,uniform,0.05,9,64,0.5808547550418115,34.49722356059393,1.4501731402884226,0.7964392278930182,-0.00292159217150826,-0.010927231554102164,-0.008005639382593905,3.1726463227437236,0.9268890105603967,0.5185185185185186,0.7333333333333333,1.0
p003,chaos,0.1,9,64,0.3327528302736724,68.99444712118786,2.900346280576845,0.30466937080679757,-0.00292159217150826,0.8191195101383889,0.8220411023098971,1.663753024841693,0.9442368200172823,0.5925925925925926,0.7333333333333333,1.0
p003,gaussian,0.1,9,64,0.3110505076361675,68.99444712118786,2.900346280576845,2.094804587217655,-0.00292159217150826,-0.026968438856610807,-0.024046846685102548,9.313053751806635,0.9206189709871898,0.5555555555555556,0.7333333333333333,1.0
p003,shuffled_chaos,0.1,9,64,0.31318694145223475,68.99444712118786,2.900346280576845,0.25021274135894656,-0.00292159217150826,0.8348919066571061,0.8378134988286143,1.5339539601752867,0.946932362706284,0.6296296296296295,0.7777777777777778,1.0
p003,uniform,0.1,9,64,0.29246541764972356,68.99444712118786,2.900346280576845,1.9774198186702394,-0.00292159217150826,0.04736779489193349,0.05028938706344175,9.241330623257845,0.8707735956544894,0.2962962962962963,0.6,1.0
p004,chaos,0.01,13,64,0.9638392077554987,8.124064368293844,0.27734867383641043,0.012418676186323014,-0.008905523389321726,0.04604094457529944,0.054946467964621167,1.023037355264042,0.9988784606210582,1.0,0.9230769230769232,0.9615384615384616
p004,gaussian,0.01,13,64,0.9627875699803103,8.124064368293844,0.27734867383641043,0.04245215152443,-0.008905523389321726,-0.013918084058092845,-0.005012560668771119,1.0721078206823391,0.9876067940796426,0.7435897435897437,0.8307692307692308,0.9384615384615386
p004,shuffled_chaos,0.01,13,64,0.9632649248685848,8.124064368293842,0.2773486738364104,0.009529988917449703,-0.008905523389321726,0.048204818016183947,0.05711034140550567,1.0116652501969718,0.9988820476095559,0.9230769230769229,0.9384615384615387,0.9923076923076923
p004,uniform,0.01,13,64,0.9638146653009243,8.124064368293842,0.2773486738364104,0.05710568832554305,-0.008905523389321726,-0.00997229718651831,-0.001066773797196583,1.1152570879930541,0.9875105363756815,0.8461538461538461,0.8307692307692309,0.9230769230769231
p004,chaos,0.05,13,64,0.586201001884268,40.62032184146922,1.3867433691820523,0.12401428974312292,-0.008905523389321726,0.5694979892768764,0.5784035126661982,1.2594817869567407,0.9750282531363741,0.6923076923076922,0.7538461538461539,0.9076923076923078
p004,gaussian,0.05,13,64,0.5534363364700241,40.62032184146922,1.3867433691820523,0.6851570311535217,-0.008905523389321726,-0.015626003015515977,-0.006720479626194251,2.7848405521021484,0.8348785856413354,0.3076923076923077,0.4000000000000001,0.8307692307692309
p004,shuffled_chaos,0.05,13,64,0.5713799015171431,40.62032184146922,1.3867433691820523,0.08472100899560514,-0.008905523389321726,0.5885687842333124,0.5974743076226341,1.1844716006668032,0.9762433564924436,0.6923076923076922,0.7384615384615384,0.9076923076923079
p004,uniform,0.05,13,64,0.5513861379724216,40.62032184146922,1.3867433691820523,0.6697151852145222,-0.008905523389321726,-0.0007836643779863556,0.00812185901133537,2.7772191180157604,0.9024989330813531,0.4358974358974359,0.5384615384615384,0.8615384615384616
p004,chaos,0.1,13,64,0.34289196706320446,81.24064368293844,2.7734867383641046,0.3739607606995015,-0.008905523389321726,0.7842141407647694,0.7931196641540911,1.8797011005048092,0.9288987515950272,0.5128205128205129,0.6307692307692307,0.8769230769230771
p004,gaussian,0.1,13,64,0.3384836127041892,81.24064368293843,2.773486738364104,1.9750741054574967,-0.008905523389321726,-0.013374336730529032,-0.004468813341207306,8.700240172933198,0.8379596042142553,0.3846153846153845,0.4,0.8307692307692309
p004,shuffled_chaos,0.1,13,64,0.30763204892415835,81.24064368293844,2.7734867383641046,0.276586329944039,-0.008905523389321726,0.8097639694731311,0.8186694928624528,1.647834265678773,0.9144525508734225,0.4871794871794872,0.5846153846153845,0.8615384615384616
p004,uniform,0.1,13,64,0.3290789323019129,81.24064368293843,2.773486738364104,1.9509932579870655,-0.008905523389321726,-0.0016770816970405255,0.007228441692281201,8.693147221384448,0.8693651339480875,0.358974358974359,0.5538461538461539,0.8461538461538465
p005,chaos,0.01,11,64,0.9623058953766083,7.527491177629163,0.2819660511692986,0.013958644060729901,0.004225108306458282,0.06216253270828146,0.05793742440182318,1.0244141177590516,0.9990358521892911,0.8484848484848484,0.9454545454545454,1.0
p005,gaussian,0.01,11,64,0.9628983339477467,7.527491177629165,0.2819660511692987,0.0481800456217898,0.004225108306458282,-0.0015480724488276406,-0.005773180755285923,1.0822780993653651,0.9907856302086563,0.8484848484848484,0.8181818181818182,1.0
p005,shuffled_chaos,0.01,11,64,0.9618282405285418,7.527491177629164,0.2819660511692987,0.008798973475392552,0.004225108306458282,0.06204535258656873,0.05782024428011045,1.007916034431063,0.9992134727290466,0.8787878787878788,0.9090909090909093,1.0
p005,uniform,0.01,11,64,0.9614266529187379,7.527491177629163,0.2819660511692986,0.04177148045817288,0.004225108306458282,0.0001512332770661715,-0.0040738750293921105,1.0626144171191905,0.9878118822154813,0.8484848484848484,0.8727272727272729,1.0
p005,chaos,0.05,11,64,0.580914863776719,37.63745588814582,1.4098302558464935,0.11897543334718459,0.004225108306458282,0.592218280417319,0.5879931721108608,1.2451926046970734,0.9809129822600532,0.6363636363636365,0.7454545454545454,1.0
p005,gaussian,0.05,11,64,0.5712886158837652,37.63745588814582,1.4098302558464935,0.7502766935882186,0.004225108306458282,-0.02311613017315368,-0.027341238479611965,2.9447281343429332,0.9137978647740083,0.3636363636363636,0.5454545454545454,1.0
p005,shuffled_chaos,0.05,11,64,0.573268218502165,37.63745588814582,1.4098302558464935,0.09657449517686134,0.004225108306458282,0.6044298587360809,0.6002047504296226,1.2107582829525707,0.9864318762273057,0.7575757575757577,0.8363636363636364,1.0
p005,uniform,0.05,11,64,0.583337547573774,37.63745588814582,1.4098302558464935,0.7532332079747557,0.004225108306458282,-0.004777812099317491,-0.009002920405775773,3.013651465836647,0.9028383783093549,0.3333333333333333,0.6181818181818182,1.0
p005,chaos,0.1,11,64,0.34229121569047005,75.27491177629165,2.819660511692987,0.3497620225947012,0.004225108306458282,0.8011457834511557,0.7969206751446974,1.7981902491486832,0.9505048815941711,0.45454545454545453,0.6727272727272727,1.0
p005,gaussian,0.1,11,64,0.3778171133790453,75.27491177629165,2.819660511692987,2.0946656355696742,0.004225108306458282,-0.02063983431218754,-0.024864942618645823,9.272082909873943,0.8782357845001024,0.4242424242424242,0.5272727272727272,1.0
p005,shuffled_chaos,0.1,11,64,0.320099111511791,75.27491177629165,2.819660511692987,0.2847558570144854,0.004225108306458282,0.818303688968853,0.8140785806623947,1.6573804625739872,0.948444297554592,0.6060606060606061,0.6909090909090909,1.0
p005,uniform,0.1,11,64,0.3700367127571928,75.27491177629165,2.819660511692987,2.067926871181904,0.004225108306458282,-0.006865457855276633,-0.011090566161734915,9.279444813637522,0.8540046917289422,0.303030303030303,0.509090909090909,1.0
p006,chaos,0.01,12,64,0.9602568193860797,7.842659556075708,0.2909952612824174,0.011289826115122867,-0.021367541022507576,0.06134734156541337,0.08271488258792095,1.0195673782413994,0.9983420381746213,0.9722222222222222,0.9833333333333334,1.0
p006,gaussian,0.01,12,64,0.9597515539834327,7.842659556075709,0.29099526128241743,0.04702956948518511,-0.021367541022507576,-0.028809603861105145,-0.007442062838597569,1.0692901392062601,0.9793199145630839,0.6388888888888888,0.7499999999999999,0.9666666666666667
p006,shuffled_chaos,0.01,12,64,0.9600910410629117,7.842659556075708,0.2909952612824174,0.010888103398696291,-0.021367541022507576,0.058951177349302754,0.08031871837181033,1.008552822648436,0.9987361501569124,0.9722222222222222,0.9666666666666668,1.0
p006,uniform,0.01,12,64,0.9598294660038383,7.842659556075709,0.29099526128241743,0.04430385181970314,-0.021367541022507576,-0.013090209130290202,0.008277331892217374,1.0892408122097095,0.9896200239988865,0.75,0.8333333333333334,0.9833333333333334
p006,chaos,0.05,12,64,0.5801061336876566,39.21329778037855,1.454976306412087,0.11239797153536567,-0.021367541022507576,0.6115149191803823,0.6328824602028899,1.2500339989672178,0.9670128282948267,0.7222222222222222,0.8000000000000002,0.9583333333333334
p006,gaussian,0.05,12,64,0.5506097463279434,39.21329778037855,1.454976306412087,0.7538571178877301,-0.021367541022507576,-0.02501752499466904,-0.003649983972161465,3.0284141633426307,0.8833161234571896,0.3888888888888889,0.5499999999999999,0.9416666666666668
p006,shuffled_chaos,0.05,12,64,0.5681703873345744,39.21329778037855,1.454976306412087,0.09417917623811206,-0.021367541022507576,0.619316524868227,0.6406840658907346,1.1858207236029443,0.9665425150180879,0.6666666666666666,0.7166666666666668,0.9500000000000001
p006,uniform,0.05,12,64,0.5550640631307444,39.21329778037855,1.454976306412087,0.7528379263756313,-0.021367541022507576,0.000387227117178665,0.021754768139686242,3.120769376838887,0.9220425919042261,0.3888888888888889,0.6,0.9416666666666668
p006,chaos,0.1,12,64,0.3502563230447005,78.4265955607571,2.909952612824174,0.3604538011225107,-0.021367541022507576,0.8057760893006384,0.827143630323146,1.8805607673349896,0.9182956795814383,0.5555555555555555,0.6666666666666665,0.9333333333333335
p006,gaussian,0.1,12,64,0.3182133251658705,78.4265955607571,2.909952612824174,2.0790371688746485,-0.021367541022507576,-0.015044230263376276,0.0063233107591313,9.418631499662988,0.8578057582921258,0.44444444444444436,0.5833333333333334,0.9083333333333335
p006,shuffled_chaos,0.1,12,64,0.32853554875567353,78.4265955607571,2.909952612824174,0.3117421239745032,-0.021367541022507576,0.8177578512326525,0.8391253922551601,1.7079079012156717,0.9267757109296755,0.5555555555555556,0.65,0.9250000000000002
p006,uniform,0.1,12,64,0.3212703717239185,78.4265955607571,2.909952612824174,2.0905770799050494,-0.021367541022507576,-0.014539155530442504,0.006828385492065072,9.444577973189745,0.8753132663903517,0.3888888888888889,0.5166666666666667,0.9166666666666669
p007,chaos,0.01,14,64,0.9602962071977875,8.610095412688432,0.29660756771542046,0.0134692956498345,0.014044363420301109,0.10845792961505761,0.0944135661947565,1.023889266946108,0.999063712981223,0.9047619047619049,0.942857142857143,0.9642857142857143
p007,gaussian,0.01,14,64,0.9593981916034339,8.610095412688432,0.29660756771542046,0.055260931614526644,0.014044363420301109,0.008692541854040304,-0.005351821566260805,1.1043586422213143,0.9866205117666945,0.8095238095238094,0.8142857142857143,0.9142857142857144
p007,shuffled_chaos,0.01,14,64,0.959368207656962,8.610095412688432,0.29660756771542046,0.007901671187466949,0.014044363420301109,0.1123760871799226,0.0983317237596215,1.0011047370057895,0.9988411498988222,0.9285714285714285,0.9285714285714287,0.9714285714285715
p007,uniform,0.01,14,64,0.9580616547847625,8.610095412688432,0.29660756771542046,0.04193447919156916,0.014044363420301109,0.013560339714630103,-0.0004840237056710061,1.074483570233253,0.9855367184121767,0.6904761904761906,0.8,0.9214285714285716
p007,chaos,0.05,14,64,0.597556230307067,43.050477063442166,1.4830378385771026,0.11430392301659788,0.014044363420301109,0.6460834082526502,0.6320390448323491,1.2286303790039017,0.9834230949980278,0.6904761904761905,0.7571428571428572,0.8857142857142859
p007,gaussian,0.05,14,64,0.5372904095709534,43.050477063442166,1.4830378385771026,0.7631078738642775,0.014044363420301109,0.02687513842774286,0.01283077500744175,3.114039086081654,0.8691252343367625,0.21428571428571427,0.4714285714285715,0.7928571428571429
p007,shuffled_chaos,0.05,14,64,0.5719092287297391,43.050477063442166,1.4830378385771026,0.06278791085339762,0.014044363420301109,0.6691557734501212,0.6551114100298201,1.1013370559452051,0.9744701389720529,0.7857142857142856,0.7,0.9214285714285715
p007,uniform,0.05,14,64,0.549143710440657,43.05047706344217,1.4830378385771028,0.8041355454705711,0.014044363420301109,0.0005551921934774558,-0.013489171226823653,3.1885556308453444,0.871135730315392,0.38095238095238093,0.5428571428571428,0.8428571428571431
p007,chaos,0.1,14,64,0.38009989140190953,86.10095412688433,2.966075677154205,0.3287749339569576,0.014044363420301109,0.8326450206822367,0.8186006572619355,1.730220868691209,0.9583642041480342,0.5238095238095238,0.6285714285714284,0.8571428571428574
p007,gaussian,0.1,14,64,0.31413572292054326,86.10095412688433,2.966075677154205,2.1422504508640237,0.014044363420301109,0.019499908787406997,0.005455545367105888,9.799412803943296,0.8270576199245543,0.16666666666666669,0.31428571428571433,0.7857142857142858
p007,shuffled_chaos,0.1,14,64,0.34889781207992193,86.10095412688433,2.966075677154205,0.23145219250163757,0.014044363420301109,0.8535167713783032,0.839472407958002,1.5081589808264284,0.9333379219626091,0.5476190476190477,0.5714285714285714,0.8
p007,uniform,0.1,14,64,0.2557148265274666,86.10095412688433,2.966075677154205,2.122744980869084,0.014044363420301109,-0.009817314787346845,-0.02386167820764795,9.385293885981138,0.8551421366958473,0.2380952380952381,0.35714285714285715,0.7857142857142858
